{
    "loss": 0.8874701857566833,
    "accuracy": 0.9482758641242981
}