{
    "loss": 2.0838308334350586,
    "accuracy": 0.8965517282485962
}