{
    "loss": 1.3896970748901367,
    "accuracy": 0.9396551847457886
}