{
    "loss": 1.202880859375,
    "accuracy": 0.931034505367279
}